﻿"tsp_attributevalueid","importsequencenumber","tsp_name","statuscode","statecode","timezoneruleversionnumber","utcconversiontimezonecode","versionnumber","owningbusinessunit"
"56ab8409-c1ac-ee11-a569-000d3a3479aa","","Only covered when delivered by feeding tube or (if oral) for diagnoses that are considered medically necessary.","1","0","","","12855362","2e89bb77-e580-ec11-8d21-000d3a5b3b17"
"6d6cd5c6-bfac-ee11-a569-000d3a3479aa","","Review required at claims submission; submit description of procedure with supporting documentation (including operative report if surgical) only for the date of service performed.","1","0","","","12855185","2e89bb77-e580-ec11-8d21-000d3a5b3b17"
"93ab3809-bfac-ee11-a569-000d3a3479aa","","Complete the Dental Prior Authorization form: https://www.premera.com/documents/030000.pdf and FAX completed form to 425-918-5956 for review. Add diagnosis or narrative of condition (pathology or operative report if applicable)","1","0","","","12855179","2e89bb77-e580-ec11-8d21-000d3a5b3b17"
"70e69792-34ac-ee11-be37-000d3a3479aa","","Submit History and Physical, documentation of medical necessity, procedure report","1","0","","","12830015","2e89bb77-e580-ec11-8d21-000d3a5b3b17"
"6fe69792-34ac-ee11-be37-000d3a3479aa","","Medical Necessity (only when delivered orally)","1","0","","","12830014","2e89bb77-e580-ec11-8d21-000d3a5b3b17"
"6de69792-34ac-ee11-be37-000d3a3479aa","","Non-covered Service","1","0","","","12830013","2e89bb77-e580-ec11-8d21-000d3a5b3b17"
"6be69792-34ac-ee11-be37-000d3a3479aa","","Considered non-covered unless member's contract indicates coverage.","1","0","","","12830012","2e89bb77-e580-ec11-8d21-000d3a5b3b17"
"6ce69792-34ac-ee11-be37-000d3a3479aa","","Review required at claims submission","1","0","","","12830011","2e89bb77-e580-ec11-8d21-000d3a5b3b17"
"6ae69792-34ac-ee11-be37-000d3a3479aa","","Medical necessity review will be performed upon claims submission with supporting documentation.","1","0","","","12830010","2e89bb77-e580-ec11-8d21-000d3a5b3b17"
"68e69792-34ac-ee11-be37-000d3a3479aa","","Medical necessity >$300","1","0","","","12830009","2e89bb77-e580-ec11-8d21-000d3a5b3b17"
"69e69792-34ac-ee11-be37-000d3a3479aa","","N/A","1","0","","","12830008","2e89bb77-e580-ec11-8d21-000d3a5b3b17"
"67e69792-34ac-ee11-be37-000d3a3479aa","","Medical necessity >$500","1","0","","","12830007","2e89bb77-e580-ec11-8d21-000d3a5b3b17"
"63e69792-34ac-ee11-be37-000d3a3479aa","","Xrays","1","0","","","12830006","2e89bb77-e580-ec11-8d21-000d3a5b3b17"
"64e69792-34ac-ee11-be37-000d3a3479aa","","Narrative","1","0","","","12830005","2e89bb77-e580-ec11-8d21-000d3a5b3b17"
"60e69792-34ac-ee11-be37-000d3a3479aa","","Chart notes and/or narrative describing procedure performed.","1","0","","","12830004","2e89bb77-e580-ec11-8d21-000d3a5b3b17"
"5ee69792-34ac-ee11-be37-000d3a3479aa","","Narrative and rationale for the proposed treatment.","1","0","","","12830003","2e89bb77-e580-ec11-8d21-000d3a5b3b17"
"5fe69792-34ac-ee11-be37-000d3a3479aa","","Narrative and/or chart notes.","1","0","","","12830002","2e89bb77-e580-ec11-8d21-000d3a5b3b17"
"5de69792-34ac-ee11-be37-000d3a3479aa","","General Services","1","0","","","12830001","2e89bb77-e580-ec11-8d21-000d3a5b3b17"
"5ae69792-34ac-ee11-be37-000d3a3479aa","","Orthodontics","1","0","","","12830000","2e89bb77-e580-ec11-8d21-000d3a5b3b17"
"5ce69792-34ac-ee11-be37-000d3a3479aa","","Predetermination Recommended","1","0","","","12829999","2e89bb77-e580-ec11-8d21-000d3a5b3b17"
"5be69792-34ac-ee11-be37-000d3a3479aa","","Diagnosis or narrative of condition (pathology or operative report if applicable)","1","0","","","12829998","2e89bb77-e580-ec11-8d21-000d3a5b3b17"
"59e69792-34ac-ee11-be37-000d3a3479aa","","Implants","1","0","","","12829997","2e89bb77-e580-ec11-8d21-000d3a5b3b17"
"57e69792-34ac-ee11-be37-000d3a3479aa","","Prosthodontics","1","0","","","12829996","2e89bb77-e580-ec11-8d21-000d3a5b3b17"
"56e69792-34ac-ee11-be37-000d3a3479aa","","Periodontics","1","0","","","12829995","2e89bb77-e580-ec11-8d21-000d3a5b3b17"
"58e69792-34ac-ee11-be37-000d3a3479aa","","Oral and Maxillofacial Surgery","1","0","","","12829994","2e89bb77-e580-ec11-8d21-000d3a5b3b17"
"54e69792-34ac-ee11-be37-000d3a3479aa","","Endodontics","1","0","","","12829993","2e89bb77-e580-ec11-8d21-000d3a5b3b17"
"53e69792-34ac-ee11-be37-000d3a3479aa","","Preventive","1","0","","","12829992","2e89bb77-e580-ec11-8d21-000d3a5b3b17"
"55e69792-34ac-ee11-be37-000d3a3479aa","","Restorative","1","0","","","12829991","2e89bb77-e580-ec11-8d21-000d3a5b3b17"
"52e69792-34ac-ee11-be37-000d3a3479aa","","Diagnostic","1","0","","","12829990","2e89bb77-e580-ec11-8d21-000d3a5b3b17"
"4ee69792-34ac-ee11-be37-000d3a3479aa","","Medical or Dental Service","1","0","","","12829989","2e89bb77-e580-ec11-8d21-000d3a5b3b17"
"50e69792-34ac-ee11-be37-000d3a3479aa","","Dental Necessity","1","0","","","12829988","2e89bb77-e580-ec11-8d21-000d3a5b3b17"
"4be69792-34ac-ee11-be37-000d3a3479aa","","Documentation optional.","1","0","","","12829987","2e89bb77-e580-ec11-8d21-000d3a5b3b17"
"48e69792-34ac-ee11-be37-000d3a3479aa","","Submit history and physical, documentation of medical necessity and procedure report.","1","0","","","12829986","2e89bb77-e580-ec11-8d21-000d3a5b3b17"
"47e69792-34ac-ee11-be37-000d3a3479aa","","Submit history and physical, documentation of medical necessity.","1","0","","","12829985","2e89bb77-e580-ec11-8d21-000d3a5b3b17"
"41e69792-34ac-ee11-be37-000d3a3479aa","","Possible Denial","1","0","","","12829984","2e89bb77-e580-ec11-8d21-000d3a5b3b17"
"40e69792-34ac-ee11-be37-000d3a3479aa","","After initial visit, online review/authorization required at www.carecorenational.com.","1","0","","","12829983","2e89bb77-e580-ec11-8d21-000d3a5b3b17"
"3ee69792-34ac-ee11-be37-000d3a3479aa","","Generally Not Covered","1","0","","","12829982","2e89bb77-e580-ec11-8d21-000d3a5b3b17"
"3ce69792-34ac-ee11-be37-000d3a3479aa","","Contract Determines Benefit Eligibility","1","0","","","12829981","2e89bb77-e580-ec11-8d21-000d3a5b3b17"
"3be69792-34ac-ee11-be37-000d3a3479aa","","Retrospective Review","1","0","","","12829980","2e89bb77-e580-ec11-8d21-000d3a5b3b17"
"3ae69792-34ac-ee11-be37-000d3a3479aa","","Pre-Service Review Required","1","0","","","12829979","2e89bb77-e580-ec11-8d21-000d3a5b3b17"
"39e69792-34ac-ee11-be37-000d3a3479aa","","Radiation/Oncology","1","0","","","12829978","2e89bb77-e580-ec11-8d21-000d3a5b3b17"
"37e69792-34ac-ee11-be37-000d3a3479aa","","Prior Authorization Required","1","0","","","12829977","2e89bb77-e580-ec11-8d21-000d3a5b3b17"
"36e69792-34ac-ee11-be37-000d3a3479aa","","Sleep","1","0","","","12829976","2e89bb77-e580-ec11-8d21-000d3a5b3b17"
"38e69792-34ac-ee11-be37-000d3a3479aa","","OP Rehab","1","0","","","12829975","2e89bb77-e580-ec11-8d21-000d3a5b3b17"
"34e69792-34ac-ee11-be37-000d3a3479aa","","Medical necessity including site of service","1","0","","","12829974","2e89bb77-e580-ec11-8d21-000d3a5b3b17"
"35e69792-34ac-ee11-be37-000d3a3479aa","","PA","1","0","","","12829973","2e89bb77-e580-ec11-8d21-000d3a5b3b17"
"33e69792-34ac-ee11-be37-000d3a3479aa","","Genetic Testing","1","0","","","12829972","2e89bb77-e580-ec11-8d21-000d3a5b3b17"
"32e69792-34ac-ee11-be37-000d3a3479aa","","SPA","1","0","","","12829971","2e89bb77-e580-ec11-8d21-000d3a5b3b17"
"2fe69792-34ac-ee11-be37-000d3a3479aa","","Sleep Devices and Equipment","1","0","","","12829970","2e89bb77-e580-ec11-8d21-000d3a5b3b17"
"31e69792-34ac-ee11-be37-000d3a3479aa","","Radiation Oncology","1","0","","","12829969","2e89bb77-e580-ec11-8d21-000d3a5b3b17"
"30e69792-34ac-ee11-be37-000d3a3479aa","","Advanced Imaging","1","0","","","12829968","2e89bb77-e580-ec11-8d21-000d3a5b3b17"
"2ee69792-34ac-ee11-be37-000d3a3479aa","","Sleep Study","1","0","","","12829967","2e89bb77-e580-ec11-8d21-000d3a5b3b17"
"2ce69792-34ac-ee11-be37-000d3a3479aa","","Specialized DME","1","0","","","12829966","2e89bb77-e580-ec11-8d21-000d3a5b3b17"
"2be69792-34ac-ee11-be37-000d3a3479aa","","Cosmetic – Reconstructive","1","0","","","12829965","2e89bb77-e580-ec11-8d21-000d3a5b3b17"
"2de69792-34ac-ee11-be37-000d3a3479aa","","Outpatient Rehabilitation","1","0","","","12829964","2e89bb77-e580-ec11-8d21-000d3a5b3b17"
"2ae69792-34ac-ee11-be37-000d3a3479aa","","Not Medically Necessary","1","0","","","12829963","2e89bb77-e580-ec11-8d21-000d3a5b3b17"
"29e69792-34ac-ee11-be37-000d3a3479aa","","Obesity","1","0","","","12829962","2e89bb77-e580-ec11-8d21-000d3a5b3b17"
"27e69792-34ac-ee11-be37-000d3a3479aa","","Cosmetic","1","0","","","12829961","2e89bb77-e580-ec11-8d21-000d3a5b3b17"
"28e69792-34ac-ee11-be37-000d3a3479aa","","Unlisted Code","1","0","","","12829960","2e89bb77-e580-ec11-8d21-000d3a5b3b17"
"26e69792-34ac-ee11-be37-000d3a3479aa","","Investigative","1","0","","","12829959","2e89bb77-e580-ec11-8d21-000d3a5b3b17"
"24e69792-34ac-ee11-be37-000d3a3479aa","","Medical Necessity","1","0","","","12829958","2e89bb77-e580-ec11-8d21-000d3a5b3b17"
"23e69792-34ac-ee11-be37-000d3a3479aa","","Over $500 - Review Recommended","1","0","","","12829957","2e89bb77-e580-ec11-8d21-000d3a5b3b17"
"25e69792-34ac-ee11-be37-000d3a3479aa","","Transplant","1","0","","","12829956","2e89bb77-e580-ec11-8d21-000d3a5b3b17"
"22e69792-34ac-ee11-be37-000d3a3479aa","","Over $300 - Review Recommended","1","0","","","12829955","2e89bb77-e580-ec11-8d21-000d3a5b3b17"
