﻿"tsp_attributenameid","importsequencenumber","tsp_name","statuscode","statecode","timezoneruleversionnumber","utcconversiontimezonecode","versionnumber","owningbusinessunit"
"f42e6aa4-34ac-ee11-be37-000d3a3479aa","","Records Request","1","0","","","12830038","2e89bb77-e580-ec11-8d21-000d3a5b3b17"
"da2e0c99-34ac-ee11-be37-000d3a3479aa","","Plan Review Requirement","1","0","","","12830018","2e89bb77-e580-ec11-8d21-000d3a5b3b17"
"d82e0c99-34ac-ee11-be37-000d3a3479aa","","Category","1","0","","","12830016","2e89bb77-e580-ec11-8d21-000d3a5b3b17"
"21e69792-34ac-ee11-be37-000d3a3479aa","","Reviewed For","1","0","","","12829953","2e89bb77-e580-ec11-8d21-000d3a5b3b17"
