<ImportExportXml version="9.2.23113.214" SolutionPackageVersion="9.2" languagecode="1033" generatedBy="CrmLive" xmlns:xsi="http://www.w3.org/2001/XMLSchema-instance">
  <SolutionManifest>
    <UniqueName>CAMP</UniqueName>
    <LocalizedNames>
      <LocalizedName description="Code and Medical Policy" languagecode="1033" />
    </LocalizedNames>
    <Descriptions />
    <Version>1.0.0.1</Version>
    <Managed>0</Managed>
    <Publisher>
      <UniqueName>TSP</UniqueName>
      <LocalizedNames>
        <LocalizedName description="Technical Sales Professional" languagecode="1033" />
      </LocalizedNames>
      <Descriptions />
      <EMailAddress xsi:nil="true"></EMailAddress>
      <SupportingWebsiteUrl xsi:nil="true"></SupportingWebsiteUrl>
      <CustomizationPrefix>tsp</CustomizationPrefix>
      <CustomizationOptionValuePrefix>93377</CustomizationOptionValuePrefix>
      <Addresses>
        <Address>
          <AddressNumber>1</AddressNumber>
          <AddressTypeCode>1</AddressTypeCode>
          <City xsi:nil="true"></City>
          <County xsi:nil="true"></County>
          <Country xsi:nil="true"></Country>
          <Fax xsi:nil="true"></Fax>
          <FreightTermsCode xsi:nil="true"></FreightTermsCode>
          <ImportSequenceNumber xsi:nil="true"></ImportSequenceNumber>
          <Latitude xsi:nil="true"></Latitude>
          <Line1 xsi:nil="true"></Line1>
          <Line2 xsi:nil="true"></Line2>
          <Line3 xsi:nil="true"></Line3>
          <Longitude xsi:nil="true"></Longitude>
          <Name xsi:nil="true"></Name>
          <PostalCode xsi:nil="true"></PostalCode>
          <PostOfficeBox xsi:nil="true"></PostOfficeBox>
          <PrimaryContactName xsi:nil="true"></PrimaryContactName>
          <ShippingMethodCode>1</ShippingMethodCode>
          <StateOrProvince xsi:nil="true"></StateOrProvince>
          <Telephone1 xsi:nil="true"></Telephone1>
          <Telephone2 xsi:nil="true"></Telephone2>
          <Telephone3 xsi:nil="true"></Telephone3>
          <TimeZoneRuleVersionNumber xsi:nil="true"></TimeZoneRuleVersionNumber>
          <UPSZone xsi:nil="true"></UPSZone>
          <UTCOffset xsi:nil="true"></UTCOffset>
          <UTCConversionTimeZoneCode xsi:nil="true"></UTCConversionTimeZoneCode>
        </Address>
        <Address>
          <AddressNumber>2</AddressNumber>
          <AddressTypeCode>1</AddressTypeCode>
          <City xsi:nil="true"></City>
          <County xsi:nil="true"></County>
          <Country xsi:nil="true"></Country>
          <Fax xsi:nil="true"></Fax>
          <FreightTermsCode xsi:nil="true"></FreightTermsCode>
          <ImportSequenceNumber xsi:nil="true"></ImportSequenceNumber>
          <Latitude xsi:nil="true"></Latitude>
          <Line1 xsi:nil="true"></Line1>
          <Line2 xsi:nil="true"></Line2>
          <Line3 xsi:nil="true"></Line3>
          <Longitude xsi:nil="true"></Longitude>
          <Name xsi:nil="true"></Name>
          <PostalCode xsi:nil="true"></PostalCode>
          <PostOfficeBox xsi:nil="true"></PostOfficeBox>
          <PrimaryContactName xsi:nil="true"></PrimaryContactName>
          <ShippingMethodCode>1</ShippingMethodCode>
          <StateOrProvince xsi:nil="true"></StateOrProvince>
          <Telephone1 xsi:nil="true"></Telephone1>
          <Telephone2 xsi:nil="true"></Telephone2>
          <Telephone3 xsi:nil="true"></Telephone3>
          <TimeZoneRuleVersionNumber xsi:nil="true"></TimeZoneRuleVersionNumber>
          <UPSZone xsi:nil="true"></UPSZone>
          <UTCOffset xsi:nil="true"></UTCOffset>
          <UTCConversionTimeZoneCode xsi:nil="true"></UTCConversionTimeZoneCode>
        </Address>
      </Addresses>
    </Publisher>
    <RootComponents>
      <RootComponent type="1" schemaName="tsp_attributename" behavior="0" />
      <RootComponent type="1" schemaName="tsp_attributevalue" behavior="0" />
      <RootComponent type="1" schemaName="tsp_code" behavior="0" />
      <RootComponent type="1" schemaName="tsp_codelobpolicy" behavior="0" />
      <RootComponent type="1" schemaName="tsp_codelobprogram" behavior="0" />
      <RootComponent type="1" schemaName="tsp_codelobprogramattribute" behavior="0" />
      <RootComponent type="1" schemaName="tsp_codelobprogramdiagnosiscodegroup" behavior="0" />
      <RootComponent type="1" schemaName="tsp_codetype" behavior="0" />
      <RootComponent type="1" schemaName="tsp_deforiginclass" behavior="0" />
      <RootComponent type="1" schemaName="tsp_defpolicyactivitytype" behavior="0" />
      <RootComponent type="1" schemaName="tsp_defpolicybenefit" behavior="0" />
      <RootComponent type="1" schemaName="tsp_defpolicycategory" behavior="0" />
      <RootComponent type="1" schemaName="tsp_defpolicycoveragestatus" behavior="0" />
      <RootComponent type="1" schemaName="tsp_defpolicymeetingapprovaltype" behavior="0" />
      <RootComponent type="1" schemaName="tsp_defpolicyrefconsistency" behavior="0" />
      <RootComponent type="1" schemaName="tsp_defpolicyreviewer" behavior="0" />
      <RootComponent type="1" schemaName="tsp_defpolicystatus" behavior="0" />
      <RootComponent type="1" schemaName="tsp_defpolicystatusreason" behavior="0" />
      <RootComponent type="1" schemaName="tsp_diagnosiscode" behavior="0" />
      <RootComponent type="1" schemaName="tsp_diagnosiscodegroup" behavior="0" />
      <RootComponent type="1" schemaName="tsp_diagnosiscodegroupmapping" behavior="0" />
      <RootComponent type="1" schemaName="tsp_lineofbusiness" behavior="0" />
      <RootComponent type="1" schemaName="tsp_policy" behavior="0" />
      <RootComponent type="1" schemaName="tsp_policyactivity" behavior="0" />
      <RootComponent type="1" schemaName="tsp_policycoverage" behavior="0" />
      <RootComponent type="1" schemaName="tsp_policylob" behavior="0" />
      <RootComponent type="1" schemaName="tsp_program" behavior="0" />
      <RootComponent type="1" schemaName="tsp_programattributemapping" behavior="0" />
      <RootComponent type="1" schemaName="tsp_udf" behavior="0" />
      <RootComponent type="60" id="{0e05a171-6794-ee11-be37-000d3a3479aa}" behavior="0" />
      <RootComponent type="62" schemaName="tsp_CAMP" behavior="0" />
      <RootComponent type="80" schemaName="tsp_CAMP" behavior="0" />
      <RootComponent type="300" schemaName="tsp_addprogram_0e6cd" behavior="0" />
    </RootComponents>
    <MissingDependencies>
      <MissingDependency>
        <Required type="61" schemaName="msdyn_/Images/AppModule_Default_Icon.png" displayName="msdyn_/Images/AppModule_Default_Icon.png" solution="AppModuleWebResources (2.5)" />
        <Dependent type="80" schemaName="tsp_CAMP" displayName="CAMP" />
      </MissingDependency>
      <MissingDependency>
        <Required type="66" schemaName="MscrmControls.Grid.GridControl" displayName="MscrmControls.Grid.GridControl" solution="BaseCustomControlsCore (9.0.2311.3026)" />
        <Dependent type="26" schemaName="Active Code LOB Programs" displayName="Active Code LOB Programs" parentSchemaName="tsp_codelobprogram" parentDisplayName="Code LOB Program" id="{2249b60a-8214-424b-9c40-71419d2d25fc}" />
      </MissingDependency>
      <MissingDependency>
        <Required type="66" schemaName="MscrmControls.Grid.GridControl" displayName="MscrmControls.Grid.GridControl" solution="BaseCustomControlsCore (9.0.2311.3026)" />
        <Dependent type="26" schemaName="Active Policy LOBS" displayName="Active Policy LOBS" parentSchemaName="tsp_policylob" parentDisplayName="Policy LOB" id="{8ed1d033-aa36-4996-a359-dd9040d94f19}" />
      </MissingDependency>
      <MissingDependency>
        <Required type="66" schemaName="MscrmControls.Grid.GridControl" displayName="MscrmControls.Grid.GridControl" solution="BaseCustomControlsCore (9.0.2311.3026)" />
        <Dependent type="26" schemaName="Policy Related View" displayName="Policy Related View" parentSchemaName="tsp_policylob" parentDisplayName="Policy LOB" id="{bc0153a0-6994-ee11-be37-000d3a3479aa}" />
      </MissingDependency>
      <MissingDependency>
        <Required type="66" schemaName="MscrmControls.Grid.GridControl" displayName="MscrmControls.Grid.GridControl" solution="BaseCustomControlsCore (9.0.2311.3026)" />
        <Dependent type="26" schemaName="Active Code LOB Policies" displayName="Active Code LOB Policies" parentSchemaName="tsp_codelobpolicy" parentDisplayName="Code LOB Policy" id="{e4c12060-e4fb-4495-a258-d0622e447d34}" />
      </MissingDependency>
      <MissingDependency>
        <Required type="66" schemaName="MscrmControls.Grid.GridControl" displayName="MscrmControls.Grid.GridControl" solution="BaseCustomControlsCore (9.0.2311.3026)" />
        <Dependent type="68" id="{65e112fa-bafe-4e73-8948-ae248c8bd9d1}" />
      </MissingDependency>
      <MissingDependency>
        <Required type="66" schemaName="MscrmControls.Grid.GridControl" displayName="MscrmControls.Grid.GridControl" solution="BaseCustomControlsCore (9.0.2311.3026)" />
        <Dependent type="68" id="{7f5c74e6-6536-4014-92aa-b63de3ecbd78}" />
      </MissingDependency>
      <MissingDependency>
        <Required type="66" schemaName="MscrmControls.Grid.GridControl" displayName="MscrmControls.Grid.GridControl" solution="BaseCustomControlsCore (9.0.2311.3026)" />
        <Dependent type="68" id="{939d49b7-8041-4b4e-83de-871c1b85b414}" />
      </MissingDependency>
      <MissingDependency>
        <Required type="66" schemaName="MscrmControls.Grid.GridControl" displayName="MscrmControls.Grid.GridControl" solution="BaseCustomControlsCore (9.0.2311.3026)" />
        <Dependent type="68" id="{a046ae16-0262-4ded-9cd0-382b957693f5}" />
      </MissingDependency>
    </MissingDependencies>
  </SolutionManifest>
</ImportExportXml>