﻿"tsp_alternateid","importsequencenumber","tsp_lineofbusinessid","tsp_longname","tsp_name","statuscode","statecode","timezoneruleversionnumber","utcconversiontimezonecode","versionnumber","owningbusinessunit"
"","","77f847ee-2d94-ee11-be37-000d3a3479aa","","FEP","1","0","","","12319647","2e89bb77-e580-ec11-8d21-000d3a5b3b17"
"","","667bf4e5-2d94-ee11-be37-000d3a3479aa","","MA","1","0","","","12319644","2e89bb77-e580-ec11-8d21-000d3a5b3b17"
"","","647bf4e5-2d94-ee11-be37-000d3a3479aa","","LWAC","1","0","","","12319641","2e89bb77-e580-ec11-8d21-000d3a5b3b17"
"","","716105db-2d94-ee11-be37-000d3a3479aa","","LWWA","1","0","","","12319637","2e89bb77-e580-ec11-8d21-000d3a5b3b17"
"","","6f6105db-2d94-ee11-be37-000d3a3479aa","","PBC AK IND","1","0","","","12319634","2e89bb77-e580-ec11-8d21-000d3a5b3b17"
"","","fb52dad2-2d94-ee11-be37-000d3a3479aa","","PBC WA IND","1","0","","","12319625","2e89bb77-e580-ec11-8d21-000d3a5b3b17"
"","","22074cc9-2d94-ee11-be37-000d3a3479aa","","PBC HMO","1","0","","","12319622","2e89bb77-e580-ec11-8d21-000d3a5b3b17"
"","","21074cc9-2d94-ee11-be37-000d3a3479aa","","PBC AK","1","0","","","12319619","2e89bb77-e580-ec11-8d21-000d3a5b3b17"
"","","62f453c2-2d94-ee11-be37-000d3a3479aa","","PBC WA","1","0","","","12319615","2e89bb77-e580-ec11-8d21-000d3a5b3b17"
